area,name,pricetotal,priceunit
150.92平米,东城区 二环内 太华 南向 两居室 空置中,925万,61291元/平米
150.92平米,华龙美晟 09年社区 朝南向一室 随时签约,390万,89082元/平米
150.92平米,安贞苑50号院，低楼层，通透 ，户型方正，不临街。,540万,109556元/平米
150.92平米,东城区，南北通透，正规三居室，09年商品房社区,819万,75512元/平米
150.92平米,正东国际大厦 东城区 单价低 满五年,999万,47470元/平米
54.41平米,满五唯一，中层方正一居，诚意出售价格可谈,530万,97409元/平米
150.92平米,96年 楼龄新 管理好 满五年国务院办公厅央产房 精装,1000万,102797元/平米
150.92平米,东城区青年湖公园边中间层一居室,428万,116622元/平米
150.92平米,中海紫御公馆南北通透两居室安静不临街明厨明卫,1150万,126069元/平米
150.92平米,东城区 2005年小区 满五年唯一商品房 带电梯小两居,389万,68997元/平米
97.75平米,央直部级机关~人民日报社家属楼，层高3.3米。,980万,100256元/平米
54.41平米,臻园四居 经典眼镜户型 双卧客厅朝南 客厅带阳台,1650万,87501元/平米
54.41平米,旺座中心公寓70年产权高层随时可看,835万,44777元/平米
54.41平米,朝阳门外 东南三居室 满五唯一 看房有钥匙 诚意出售,1170万,64399元/平米
54.41平米,三元桥 远洋新干线 精致两居 景观视野无遮挡,650万,73174元/平米
54.41平米,东园一区板楼 满五年一套南北通透 独立管理，,498万,71563元/平米
150.92平米,龙体区域 精装修三居 满五年唯一 电梯直达,638万,83301元/平米
150.92平米,和平里七区苏式建筑全明格局看房方便,628万,97972元/平米
150.92平米,南向无遮挡 精装修 近地铁 客厅卧室双朝南 户型好,615万,105219元/平米
150.92平米,六铺炕田字格户型方正，明厨明卫，精装修,736万,106977元/平米
74.5平米,皂君东里 中间层 满五年唯一商品房,706万,94766元/平米
97.75平米,东城区 龙潭湖 低楼层两居 满五唯一,425万,85894元/平米
97.75平米,青年湖 低楼层 看房方便 诚意出售,638万,103421元/平米
97.75平米,都市馨园 南北两居室  中间位置 无遮挡,655万,95859元/平米
97.75平米,东城区，南北通透两居，板楼中间层，满五年,382万,69556元/平米
95.25平米,华贸城7号院正规三居 地暖自采暖 配套完善,698万,73281元/平米
54.41平米,望京新城房子满五年唯一  采光好，无任何遮挡。,716万,56525元/平米
54.41平米,东二环日坛公园边三居室舒适社区,1070万,64126元/平米
57.1平米,索家坟小区 南北通透小户型 不遮挡  安静,436万,76358元/平米
150.92平米,东直门外大街 满五年 带电梯南向 高楼层视野采光好,616万,93010元/平米
150.92平米,东城区 东直门外大街48号 高楼层 视野好,590万,77226元/平米
150.92平米,永定门外东城区 望陶园 东南两居出售,588万,65582元/平米
150.92平米,东街东里无遮挡，南北三居室，无抵押，产权清晰,549万,80736元/平米
150.92平米,新裕家园 中间楼层南向大一居室 业主诚意出售,831万,108260元/平米
74.5平米,小区中间位置，有电梯一梯两户，正规三居室满五唯一,826万,70902元/平米
74.5平米,中关村 南北通透 客厅朝东 看房方便,656万,142795元/平米
74.5平米,西三环 公主坟 南北通透三居室 主卧室20平米,690万,79585元/平米
74.5平米,海淀西四环外 熙湖小区 精装修下跃6居室 不临街,1397万,93533元/平米
74.5平米,塔院四季园精装修电梯直达三居室可望西山,785万,96675元/平米
60.81平米,槐柏树街南里 南北通透两居室 精装修,600万,98668元/平米
97.75平米,东城和平里南北通透三居室，户型方正，中间楼层。,758万,104596元/平米
97.75平米,南北通透 板楼户型 3室 看房提前联系就行,770万,109609元/平米
97.75平米,北京上舍东南三居室  户型好 格局无浪费 小区人车分流,1250万,94590元/平米
97.75平米,永定门 东城区 商品房朝南 两居,720万,68098元/平米
97.75平米,北二环安定门和平里 三大公园环绕 南北通透挂西窗,765万,105300元/平米
95.25平米,双合中路4号院 两居室 业主诚意出售,370万,41189元/平米
95.25平米,满五唯一商品房 中间楼层 采光好,280万,54454元/平米
95.25平米,火星园经典南向全明两居室  中间楼层 安静采光好,1200万,120085元/平米
95.25平米,地铁10号线 朝阳区两居室 装修好 看房随时,475万,61513元/平米
95.25平米,北京新天地五期，不临街，视野好，满五唯一，次卧大窗,525万,54225元/平米
54.41平米,满五年唯一，全南两居室，高层视野采光很好,798万,82362元/平米
54.41平米,慧谷时空集中供暖地暖，满五年全南向,880万,59767元/平米
54.41平米,央视国贸 楼层高视野开阔，看中国尊 南向采光好,678万,82492元/平米
54.41平米,客厅挑空，精装复式 ，采光充足，电梯直通车库,1040万,52986元/平米
54.41平米,东二环  中海枫丹公馆 新房 东西通透 诚意卖,1610万,102686元/平米
57.1平米,中湾国际  精装  一居室  随时看房,458万,82419元/平米
57.1平米,万柳蜂鸟家园 南北通透正对小区花园 采光好 不临街,800万,169205元/平米
57.1平米,红联北村 正规一室一厅 满五年唯一 精装修,383万,80143元/平米
57.1平米,五棵松永定路85号院南北通透两居室,398万,76686元/平米
57.1平米,96年板楼，楼龄新，精装修，满5年唯一,665万,110649元/平米
150.92平米,朝阳门北小街  低楼层 南北通透2居室  采光好无遮挡,815万,118116元/平米
150.92平米,广渠门外南街   东南一居室  带电梯,370万,79060元/平米
150.92平米,全明格局南北通透三居室 满两年商品房 诚意出售,586万,98076元/平米
150.92平米,此房业主名下满五年，南向户型，没有遮挡，采光好,780万,88456元/平米
150.92平米,有电梯南北三居，不临街，诚心出售,870万,102353元/平米
150.92平米,东城区 朝南一居室 中间楼层 无遮挡,365万,89308元/平米
74.5平米,清河宝盛里 正规二居室 西北向 大客厅带阳台 有储物间,415万,55855元/平米
74.5平米,东王庄  中间层 两居室 交通便利,480万,77771元/平米
74.5平米,精装修，南北通透，满五年唯一，交通便利,990万,70298元/平米
74.5平米,国海广场商品房，西南电梯两居，随时签约,558万,53536元/平米
74.5平米,西二旗智学苑 南北向两居室 低楼层 业主诚意出售,450万,65627元/平米
74.5平米,温泉凯盛家园二区  中高楼层  视野好采光好,292万,48953元/平米
60.81平米,二环内 2001年 华北电力央产 带电梯,1020万,85628元/平米
60.81平米,西黄城根45号院 中间层 朝南,680万,160757元/平米
60.81平米,急售，金融街二龙路国家单位楼的电梯房2室1厅，管理好,940万,154352元/平米
60.81平米,平原里 中间楼层 前后无遮挡 地铁陶然亭站,515万,102001元/平米
60.81平米,固定车位 明卫 视野宽阔，满五年唯一交通便利,990万,92351元/平米
97.75平米,楼龄新，1996年建成，东直门商圈，满五年唯一,498万,76924元/平米
97.75平米,东城区 南二环边 朝西一居室 满五年唯一,385万,81724元/平米
97.75平米,地铁5号线天坛东门站 南一居室 高层 精装修、户型方正,395万,95550元/平米
97.75平米,东城区  东向一居 商品房业主唯一住房  无遮挡,310万,69757元/平米
97.75平米,前后不临街对花园南北通透一梯两户装修好,1080万,126169元/平米
76.6平米,百万庄未区，满五年唯一，南北通透,900万,117494元/平米
95.25平米,东一时区南北3居室，装修保持不错,608万,46416元/平米
95.25平米,华悦国际南北通透两居 满五年北京唯一住房,1080万,83411元/平米
95.25平米,上京新航线 南向两居室 房本满五年 北京就一套房子,840万,85837元/平米
95.25平米,融域嘉园 全明格局两居室  有车位 采光没有遮挡,948万,87503元/平米
95.25平米,安贞里 有明厅  两居室  南北通透  中间层  满五唯一,505万,81465元/平米
95.25平米,团结湖北四条政协院，中间层三居室,435万,66311元/平米
54.41平米,天鹅湾北区 四期 全南向 小区中间位置  满二年 随时看,595万,116965元/平米
54.41平米,富力又一城A区小区中间位置南北通透精装修,755万,47539元/平米
54.41平米,全南向，看房方便，有钥匙。户型方正,570万,65263元/平米
54.41平米,明厨明卫两居，双飘窗+双阳台，东南通透性好，不临街,532万,55731元/平米
54.41平米,1999年建成，楼层适中，东南三居室,655万,66933元/平米
54.41平米,甜水园北里，95年建成，南向一居室,345万,59627元/平米
57.1平米,太平路34号院 海淀区 西四环 南北通透 格局好 诚心卖,505万,71127元/平米
57.1平米,山水倾城 餐客分离大三居 正对小区院里 不临街,1680万,104660元/平米
57.1平米,育新花园 带电梯三居室 全明格局,690万,67252元/平米
57.1平米,北三环 海淀区 冠城园之冠城园北园 西南向 精装3居,1410万,98899元/平米
57.1平米,永泰园 低楼层 南向 上清桥地铁（昌平线） 明厅,343万,76837元/平米
150.92平米,满五年，精装修人车分流，配套齐全。高层视野好,1730万,119923元/平米
150.92平米,全南两居室，中楼层，视野也不错,910万,99454元/平米
150.92平米,东城区，南北通透2居室，满五年唯一商品房,626万,68596元/平米
150.92平米,广渠门忠实里西南三居室，中间楼层，户型方正,666万,82960元/平米
150.92平米,东城区 左安浦园 东南向 一居室 全明格局,469万,80946元/平米
74.5平米,知本时代 满五年唯一  电梯大两居 地暖飘窗,600万,61394元/平米
74.5平米,牡丹园 南北向2居 低楼层 精装修 看房方便,525万,90052元/平米
74.5平米,南北通透 明厅两居  带固定租赁车位,528万,86843元/平米
74.5平米,时雨园全明格局三居室 采光好无遮挡 诚意出售,1460万,88614元/平米
74.5平米,美丽园 电梯洋房 南北通透3居室 满五年 ！,1460万,101418元/平米
60.81平米,满五唯一 万和世家 新上东南向两居 楼层高视野好,1650万,136613元/平米
60.81平米,三义东里 南北2居室 精装修 采光好 格局方正 带车位,485万,78785元/平米
60.81平米,此房南向，楼层好，视野宽阔，采光充足,425万,88340元/平米
60.81平米,西南二环内 牛街商圈 白广路二条4号院 诚心出售,390万,85885元/平米
60.81平米,满五唯一商品房，南北通透三居室，生活和交通好,766万,92068元/平米
60.81平米,青春无限 2004年商品房小区  精装修,410万,77962元/平米
97.75平米,灯市口大街 双南两居室 电梯房 采光好,668万,126133元/平米
97.75平米,东城区广渠家园  正规2居  无遮挡 全明格局,539万,88564元/平米
97.75平米,东城广渠门 广渠家园*精装修*自住*高层无遮挡两居,585万,81773元/平米
97.75平米,绿景馨园04年小区 全南向两居 满五年唯一商本,540万,103508元/平米
97.75平米,华龙美晟西南向两居室中间楼层看房方便,495万,65755元/平米
76.6平米,灵佑胡同，南北通透，中间层，采光无遮挡。,693万,95825元/平米
76.6平米,南北朝向，中楼层采光好，满五年,645万,93384元/平米
76.6平米,四平园 东西朝向两居 满五唯一 中间楼层 诚心出售,650万,105657元/平米
76.6平米,六铺炕三区 94年建成 中石化家属楼 4层 精装修,1335万,147189元/平米
76.6平米,百万庄1号院 小两居 看房随时,560万,120172元/平米
95.25平米,满五唯一，南北两居室，客厅有窗户，采光充足,320万,56378元/平米
95.25平米,鹿港嘉苑西南北两居室中间楼层满五唯一,850万,76653元/平米
95.25平米,山水文园中园南北双通透 客厅朝南，双卧南向,1299万,81097元/平米
95.25平米,都市心海岸雅园满五年唯一上下两层，不临街。,665万,61427元/平米
95.25平米,金隅景和园 南北通透 户型方正小三居,437万,48778元/平米
54.41平米,华严北里小区20平米客厅有窗户，明厨明卫，满五唯一,609万,66740元/平米
54.41平米,机场南平里三居室   南北通透  看房方便,239万,33479元/平米
54.41平米,望京花园接地气的正规三居，满五唯一，有钥匙随时看,739万,62091元/平米
54.41平米,科学园南里五区 满五年唯一 全明格局,880万,98999元/平米
54.41平米,澳洲康都 精装修，高层视野好，落地大窗,676万,84904元/平米
57.1平米,翠微北里带电梯 2居室带客厅 单价9.4万满五唯一商品房,698万,94709元/平米
57.1平米,知春里小区 两居室 满五年家庭唯一住宅 中间楼层,690万,112013元/平米
57.1平米,铁路小区，海淀产权，户型好，精装修，为您节省费用,385万,83208元/平米
57.1平米,西南向三居室 不临街 无遮挡 楼龄新 购房成本低,915万,90131元/平米
150.92平米,新景家园东区 商品房全南向两居室 采光好 视野好,845万,102911元/平米
74.5平米,恩济花园南北通透 精装修 两个卫生间 一梯两户采光好,989万,87060元/平米
74.5平米,五棵松地铁口 南北三居室 全明户型 采光好 精装修,627万,83936元/平米
74.5平米,瑞新里小区南北三居 满五年唯一 业主诚意出售。,1265万,93732元/平米
74.5平米,三居室带客厅  东南北东三面采光 有电梯 安静不临街,840万,99645元/平米
60.81平米,南北通透 楼层是中间层 满五年家庭唯一,518万,103352元/平米
60.81平米,西城月坛 金融街  铁道部宿舍 东西北三居,670万,101362元/平米
60.81平米,长椿街 广安门内站 南北通透 满五唯一,529万,93167元/平米
60.81平米,牛街西里西南向两居 精装修采光好 诚意出售,608万,82913元/平米
60.81平米,西单，金融街，一梯两户朝东观景一居室,558万,150608元/平米
97.75平米,豆瓣胡同  商品房 南北向两居   板楼带电梯,850万,120006元/平米
97.75平米,前门前中楼层两居室 采光好 诚心出售,800万,89167元/平米
97.75平米,东环居苑 3室2厅 东北,795万,81472元/平米
97.75平米,东城区 永定门南北两居，精装修半地下，随时可看，随,299万,43926元/平米
76.6平米,九和苑 2005年 商品房 南北朝向  有物业管理,830万,112330元/平米
76.6平米,西四北大街160号 满五年唯一 有电梯,798万,137824元/平米
76.6平米,考拉社区 商品房小区 精装修  诚意出售,466万,76607元/平米
76.6平米,车站西街17号院一居室 满五唯一 中间层 92年 有钥匙,435万,92949元/平米
76.6平米,新壁街小区，东向三居室，一梯三户，两个卫生间。,1030万,122343元/平米
95.25平米,富仁名苑南北三居，出门就是元大都公园,836万,84994元/平米
95.25平米,望花路西里 满五年唯一 2000年楼龄 看房随时 婚房装修,620万,55338元/平米
95.25平米,南北通透格局，楼层好，视野开阔，采光充足，配套齐全,1300万,78187元/平米
95.25平米,樱花半岛 全南两居 户型方正 诚意出售,1143万,94113元/平米
95.25平米,南北三居 全明格局 领包入住 看房随时,770万,50134元/平米
54.41平米,珠江罗马嘉园东区 楼层高 采光视野好 满五唯一,800万,66457元/平米
54.41平米,朝阳新城一区 2室2厅 南 北,468万,40671元/平米
54.41平米,嘉润花园东南两居，视野好，采光好，满五唯一,640万,59886元/平米
54.41平米,南北通透格局好，视野无遮挡，全明格局,1120万,77157元/平米
54.41平米,安华里社区，满五年唯一，带电梯南北通透三居,720万,84231元/平米
57.1平米,中关村 清华园全南精装两居，可签约,660万,120659元/平米
57.1平米,小区中间两居室 不临街 产权清晰 满五唯一 随时可看,518万,66072元/平米
57.1平米,西三环北路89号院中间楼层精装南北两居,498万,91747元/平米
57.1平米,看房方便，诚意出售，南北通透，格局合理，视野开阔,468万,86667元/平米
57.1平米,中国银行总行，管理好，满五年，不临街格局好,656万,101235元/平米
74.5平米,海淀产权，南北向两居室，诚心出售,350万,58431元/平米
74.5平米,紫竹院公园 国家图书馆 玉渊潭公园,565万,75133元/平米
74.5平米,烟树园 满五年唯一，只有契税，精装修，双卧朝南。,1143万,91985元/平米
74.5平米,蓝靛厂时雨园诚心出售，户型好，格局好正规三居室,1350万,104111元/平米
74.5平米,西直门楼新社区 三居室 满五就一套 业主自住 居家精装,1699万,102746元/平米
60.81平米,电梯刷卡到层，满五年唯一，业主诚售,985万,124369元/平米
60.81平米,新街口东街 中间楼层 朝南正规一居室 精装修,666万,147346元/平米
60.81平米,满五唯一 近地铁4号线陶然亭地铁站 近万寿公园,512万,101407元/平米
60.81平米,京畿道小区，粮食局宿舍，大两居室，单价低,1020万,128464元/平米
60.81平米,车公庄大街1号院，全明格局，满五年唯一商品房,638万,108689元/平米
97.75平米,朝阳门内 精装修 朝南一居 交通便利,540万,93361元/平米
97.75平米,朝阳门内 西水井胡同 带电梯两居室 采光好！,643万,85860元/平米
97.75平米,商品房小区 电梯直达 人车分流 大两居室,965万,108905元/平米
97.75平米,次顶层 正南一居 采光好视野好 满五唯一 随时可看,602万,101724元/平米
97.75平米,前门东大街 南向两居室 看房方便,465万,95307元/平米
76.6平米,西城区广安门 远见名苑东南朝向的三居室,1089万,85205元/平米
76.6平米,马甸南村 环境优美 封闭式管理 停车方便,1110万,140152元/平米
76.6平米,椿树馆街35号院 田字格全明南北3居 去年新装 中楼层,710万,95946元/平米
76.6平米,南北通透三居室，适合居家生活，前后无遮挡，采光充足,830万,116574元/平米
76.6平米,延安大院 航空航天设计规划研究院家属楼 正规4居室,1380万,130312元/平米
95.25平米,眼镜户型三居室，精装修，有产权车位，中间位置,960万,68552元/平米
95.25平米,金茂府北区 南北通透大平层  科技住宅 有车位和储存间,3400万,118965元/平米
95.25平米,华发颐园 三居室 三卫  诚心出售 看房方便,959万,60429元/平米
95.25平米,【店长推荐】朝外三丰里 南北通透 东二环,439万,73869元/平米
95.25平米,地铁七号线黄厂站 满五年唯一 西向双卫大两居,449.8万,47503元/平米
54.41平米,潘家园 小两居 南向 有钥匙 随时看房,298万,58952元/平米
57.1平米,龙翔路小区南向一居室，次顶层，满五年,400万,87720元/平米
57.1平米,清河，清缘东里，东南向两居室，满五年商品房。,520万,64798元/平米
57.1平米,翠微南里满五年唯一精装修随时看房中间楼层产权清晰,440万,120813元/平米
57.1平米,北二环地铁宿舍小区  98年房龄  朝南   带电梯,625万,86686元/平米
57.1平米,望山园精装两居，满五年唯一，电梯入地库！餐厨一体！,860万,83617元/平米
74.5平米,逸成东苑 3居室 高楼层  采光视野好,785万,60048元/平米
74.5平米,华盛家园四居室  户型方正 客厅宽敞  使用率高,1299万,74361元/平米
74.5平米,科育小区、满五年唯一商品房、精装修、南北通透,770万,143926元/平米
74.5平米,清河永泰小区东里 正规两居室 无遮挡采光充足,418万,72583元/平米
60.81平米,满五唯一商品房精装修一层无遮挡,898万,131672元/平米
60.81平米,97年中石油家属楼，地下停车场，电梯直达，封闭式管理,1088万,129370元/平米
60.81平米,2005年融城  西南向三室一厅两卫,1760万,108095元/平米
60.81平米,丽水莲花 2室1厅 南,924万,88847元/平米
60.81平米,真武庙六里东南三居，俯瞰护城河视野开阔，1990年楼龄,980万,123426元/平米
97.75平米,二环内教委家属院 全明两居中间层 满五唯一 业主诚售,735万,119396元/平米
56.33平米,东城区南北通透两居室，明厨明卫！,582万,103320元/平米
76.6平米,中石化宿舍，低楼层，南北双卫，装修不错,1440万,130082元/平米
76.6平米,榆树馆西里 南向一居室 中间楼层,510万,126238元/平米
76.6平米,红山世家 户型方正 东西通透两居室,1065万,113540元/平米
76.6平米,精装高楼层南北通透正规小两居室,650万,112691元/平米
76.6平米,东南北全明户型 有钥匙 拎包入住 满五年可聊,779万,127705元/平米
58.1平米,稻香园北社区 南北通透两居室  婚房装修,626万,107746元/平米
58.1平米,北二环 积水潭桥东北角 南北通透 精装两居室,415万,71429元/平米
95.25平米,都城心屿 临近东二环，视野宽阔，远观西山，配套齐全,525万,68165元/平米
95.25平米,满五年唯一 南北通透三居室 中低楼层 视野好 采光好,473万,38562元/平米
95.25平米,金都杭城东区 满五年唯一  南北通透全明户型,805万,76733元/平米
83.85平米,裕瑞轩 两居 南北通透  2016年重新精装修 采光充足,550万,65594元/平米
53.9平米,冠英园西区东向大一居  面向小区花园,686万,127273元/平米
57.1平米,阳光温馨一居 南向 落地窗 无遮挡 满五唯一,543万,75913元/平米
57.1平米,凯盛家园 满五唯一业主诚心出售 中间楼层南北通透2居,385万,49537元/平米
57.1平米,双榆树北里 板楼中间层 南北通透 航天部家属楼,599万,109507元/平米
57.1平米,白石桥 计生委宿舍 中间楼层 停车方便,560万,97732元/平米
57.1平米,稻香园西里满五年成本价，采光好，钢混结构，交通便利,630万,106780元/平米
60.81平米,此房南北通透格局，采光视野无遮挡，交通便利,1136万,106667元/平米
60.81平米,新安南里 南北通透 2层本房满五年唯一,565万,102579元/平米
60.81平米,宣武门 庄胜二期正规南北三居室 诚心出售,1710万,129654元/平米
56.33平米,东城区政府家属院2000年管理好有电梯,828万,98186元/平米
56.33平米,广渠门南水关 东西通透两居室 楼龄新,525万,96331元/平米
56.33平米,北官厅胡同，南北通透，两居，诚意出售,590万,102609元/平米
56.33平米,满五唯一 明厨明卫  不临街 看房方便,495万,96794元/平米
56.33平米,金宝街  朝阳门南小街 南北通透两居无遮挡,746万,107400元/平米
76.6平米,官园公寓 优质南北南北四居 大面宽中间层 采光充足,2660万,136055元/平米
76.6平米,西城广安门荣丰二期西向复式，满五年唯一，看房随时,425万,139071元/平米
76.6平米,南北全明三居 中间层 满五年住房 随时看房和签约,822万,101884元/平米
76.6平米,物资部南北向三居 诚心出售 看房方便,998万,140366元/平米
76.6平米,西城东北朝向两居   业主诚心出售,493万,76364元/平米
76.6平米,月坛 复兴门 金融街 东向两居室,615万,116699元/平米
58.1平米,西直门 交大嘉园东向两居室客厅带窗户 电梯直通车库,799万,97132元/平米
58.1平米,中科院植物所宿舍双南向两居室，无遮挡小户型！,515万,97538元/平米
58.1平米,交大嘉园 2室1厅 西,800万,97241元/平米
58.1平米,安宁庄东路2号院两居室，南北通透，户型方正,378万,62377元/平米
58.1平米,三义庙北 中间楼层  不临街 厅带窗户,414万,98572元/平米
58.1平米,海淀路小区  双南向两居室  户型好,419万,87841元/平米
58.1平米,清景园南向精装两居室  带固定车位  有钥匙随时签约,619万,62062元/平米
58.1平米,厂洼小区，满五年唯一福利分房，有电梯。,549万,89560元/平米
58.1平米,海淀产权 满五唯一 三年前新装修  中间楼层 看房方便,253万,36779元/平米
58.1平米,阜光里小区  南北 三室俩卫 带电梯,1100万,91211元/平米
43.95平米,东城区09年商品房华龙美晟精装修一居室,345万,78499元/平米
83.85平米,经典两居，采光好无遮挡，一梯两户业主诚售！！,365万,38057元/平米
83.85平米,美景东方 二期落地窗 不临街观小区花园 只有契税,624万,67562元/平米
83.85平米,东二环边 南北通透2层，随时可看，起重机厂单位的房子,480万,70610元/平米
83.85平米,炫特嘉园 东南一居室，双阳台，对小区花园，满五唯一,397万,63449元/平米
83.85平米,首付120万，精装修，适合刚需，朝阳产权，双地铁,285万,69242元/平米
188.64平米,此房满五年，观景楼层，正观国贸和欢乐谷 空置随时看,1318万,69869元/平米
53.9平米,马甸户型好，南北通透双阳台，楼龄新，通风良好,880万,130758元/平米
53.9平米,看房方便 南向采光好 不临街小两居,760万,145316元/平米
53.9平米,阜成门  2室 中间层 诚心出售 随时可看,558万,119487元/平米
53.9平米,阜成门 百万庄小区 低楼层 诚心出售,610万,126557元/平米
53.9平米,车公庄北里  南北两居  管理好,607万,104836元/平米
56.33平米,竹杆胡同全明格局两居室，业主诚意出售,770万,112229元/平米
56.33平米,兴隆都市馨园 1室0厅 南,370万,98431元/平米
56.33平米,东城区 二环里 正规两居室 满五商品房 邻近龙潭公园,429万,73047元/平米
56.33平米,东城区，精装修带电梯，朝南双卫两居室,729万,58269元/平米
56.33平米,本家润园三期，全南向3居，大阳台，无遮挡视野好,925万,94921元/平米
56.33平米,东城区，东直门内，高楼层，南北通透，电梯三居室,1095万,96527元/平米
76.6平米,西城  满五年 业主唯一住房 户型方正,410万,112453元/平米
76.6平米,阜成门外北街双南两居  高楼层 电梯直达,735万,115931元/平米
76.6平米,双旗杆东里 3室1厅 东北,885万,118158元/平米
58.1平米,太阳园8号楼东向一居室，业主现在变现，诚心卖,560万,95792元/平米
58.1平米,马连洼兰园，精装修两居室，采光视野好,516万,71997元/平米
58.1平米,满五年 商品房 南北朝向 看房方便,410万,73215元/平米
58.1平米,海淀九号 东向精装一居 高楼层视野好,495万,75700元/平米
58.1平米,皂君庙 满五唯一 精装 楼龄新 有家具家电车位仓储,389万,78302元/平米
58.1平米,复兴路乙6号院 电梯三居 业主诚心出售 随时签约,608万,86364元/平米
58.1平米,满五年唯一 不临街 中高楼层 精装修,622万,77268元/平米
58.1平米,玉泉路 玉海园三里 精装修 三居 满五年,762万,74480元/平米
58.1平米,阜北南北三居室，满五唯一，中间楼层，诚心出售,620万,91177元/平米
58.1平米,三里河路5号院，楼层好，户型好，购房成本低,670万,110653元/平米
58.1平米,永金里小区南北朝向 满五年唯一 商品房,650万,68436元/平米
43.95平米,交东小区 2003年板楼 南北通透 楼层好 无遮挡,860万,124350元/平米
43.95平米,双朝南一居室，前后不临街 南向对花园  视野好,598万,105134元/平米
43.95平米,东城区 广渠家园 精装 正规2居 采光视野好,537万,86585元/平米
43.95平米,东南向两居室 阳光无遮挡视野开阔,675万,102366元/平米
43.95平米,双卧朝南 采光充足 视野开阔 无土地出让金,935万,88450元/平米
43.95平米,东城和平里 95年楼龄 板楼2层的全明格局,683万,98260元/平米
83.85平米,小营西路1号 东西通透两居室，全明格局，2000年板楼,443万,60003元/平米
83.85平米,望京新城 高层无遮挡 采光时间6小时 满五年一套,480万,65556元/平米
83.85平米,炫特嘉园一期 满五年唯一东向大开间,272万,53734元/平米
83.85平米,西坝河西里  南北通透两居室 满五唯一 1994年板楼,340万,62294元/平米
83.85平米,东三环朝阳区地铁10号线潘家园松榆西里南北通透板楼,375万,63679元/平米
83.85平米,东西向三居室 户型方正，格局合理，中高楼层，,1388万,63336元/平米
188.64平米,望京西园三区，小区中间不临街，看花园2居，有车位,719万,70140元/平米
188.64平米,吉祥里小区东南三居室，户型布局合理,945万,81109元/平米
188.64平米,华贸城东向方正户型 封闭式厨房 有钥匙随时看房高楼层,456万,88185元/平米
188.64平米,亚奥金茂悦南北三居室，视野好，采光好，看房方便,980万,83185元/平米
188.64平米,首开畅心园，东北向两居室，全明格局。,285万,40000元/平米
188.64平米,管庄北二里 新装修 视野好 采光充足 无遮挡。,385万,56361元/平米
53.9平米,官苑8号 高楼层采光好 满五年唯一 南北通透三居室,2570万,158770元/平米
53.9平米,西城区 南北通透 大三居 楼龄新,528万,68262元/平米
53.9平米,西城西南三居，朝西无遮挡，满五年，诚心出售,760万,68741元/平米
53.9平米,西城广安门乐城 满五唯一 东南向 商品房 两居室,658万,75364元/平米
53.9平米,2006商品房， 南北两居室业主诚心出售,665万,71994元/平米
53.9平米,金果胡同一居室，业主诚心出售，有钥匙看房方便,550万,125571元/平米
56.33平米,业主自住精装修，南北通透大复式，能贷款，看房方便,870万,82810元/平米
56.33平米,北二环边 南北通透三居室 明厨明卫明厅 安静不临街,835万,107437元/平米
56.33平米,东城区南二环景泰桥南，满五唯一南北通透户型优质两居,490万,71056元/平米
56.33平米,和平里五区 南北向两居室 采光好 邻近地坛公园,645万,117018元/平米
56.33平米,鼎力推荐-全明格局三居室，户型方正楼层高，诚心出售,868万,94103元/平米
56.33平米,东城区 悠胜美苑  南向三居室 采光好 交通便利,870万,71712元/平米
58.1平米,万科物业，70年产权 高层西南向三居,1460万,70799元/平米
58.1平米,甘家口 央视家属院 南北两居室带正规客厅 管理视野好,799万,94557元/平米
58.1平米,太极小区南北通透三居室，业主诚意出售,723万,90263元/平米
58.1平米,玉海园南北大复式 满五唯一  两个大阳台不算建筑面积,745万,59410元/平米
58.1平米,中关村大一居  业主诚意出售 中间楼层 单价低,625万,100338元/平米
58.1平米,清河宝盛北里 电梯两居 南北通透 大理石精装 无遮挡,585万,64195元/平米
58.1平米,紫竹桥2000年单位分房，正规三居带大客厅，户型方正。,755万,85475元/平米
58.1平米,天秀花园古月园3居5层南北向有车位,1088万,68432元/平米
58.1平米,常秀家园  海淀正规三居室，低楼层，看房方便,480万,59260元/平米
58.1平米,北洼东里 3室1厅 西北 东,858万,86895元/平米
58.1平米,四季青 五棵松26号院 精装修两居室,680万,82897元/平米
58.1平米,双榆树南里 中间层 全明三居 看房方便,610万,93702元/平米
43.95平米,东直门 工体 三里屯 春秀路小区,620万,102378元/平米
43.95平米,东城小两居室 南北向 高层视野采光好,485万,109210元/平米
43.95平米,朝阳门南小街 双南向 电梯直达两居室,818万,101843元/平米
43.95平米,复式两居室，满五年唯一，电梯直达，业主诚售！,589万,91460元/平米
43.95平米,东城区永定门车站路6号院精装修两居室,368万,72073元/平米
43.95平米,很棒的田字格三居室 户型方正 楼层适中适合老人孩子,795万,95992元/平米
83.85平米,万象新天四区  全南向两居室  诚意出售  采光充足,515万,57280元/平米
83.85平米,北苑家园莲葩园东南大三居，高楼层，视野好,689万,50917元/平米
83.85平米,金地物业 观花园 采光好 视野开阔 品质小区,670万,79422元/平米
83.85平米,珠江帝景满五唯一，保养好，拎包入住,980万,88704元/平米
83.85平米,科学园南里七区低楼层南北向三居室报价合理,698万,86184元/平米
83.85平米,明卫双通透！满5唯1正对公园！位置安静楼层好采光好！,696万,74122元/平米
188.64平米,弘善家园 满五唯一 看房方便 交通便利,333万,46922元/平米
188.64平米,高层，视野宽阔，无遮挡，满五唯一,1025万,46486元/平米
188.64平米,民航总局家属楼 满五年 大客厅 东西通透,1020万,79242元/平米
188.64平米,日不落首层阳光层，多13平满五年唯一高层视野好,698万,65893元/平米
188.64平米,华威西里 2室1厅 东南,419万,65520元/平米
188.64平米,客厅4.6米挑高 南向阳光客厅 满五年在京唯一住房,1460万,80882元/平米
188.64平米,富力阳光美园，两居，无遮挡采光视野好,388万,50746元/平米
53.9平米,西单 南北通透 两居 交通便利,720万,117074元/平米
53.9平米,西城广安门 荣丰上下两层 满五年 70年产权 民水民电,393万,138186元/平米
53.9平米,全明格局一居室，小区环境优美，配套完善,585万,133868元/平米
53.9平米,教场口6号院2003年小区，满五唯一住宅，业主诚心出售,772万,140954元/平米
53.9平米,教场口9号院优质两居室，看房方便,805万,110577元/平米
53.9平米,塔院胡同12号院 南北朝向  精装两居室,738万,128125元/平米
56.33平米,东城区 2001年电梯房 两室一厅 满五唯一,570万,62004元/平米
56.33平米,水上华城  高层南向 视野好 安静  小户型 带燃气,540万,104187元/平米
56.33平米,前门东大街  电梯直达 朝南两室  满五年唯一,489万,94220元/平米
56.33平米,火桥北里 龙潭湖公园 正规两居室  更实用,422万,76201元/平米
56.33平米,龙潭北里   中间楼层   南北通透   三居三居室,525万,93767元/平米
56.33平米,东城一环旁，常闻天坛声，天安门旁04年的住宅小区,355万,99692元/平米
58.1平米,世纪金源国际公寓通透四居室 70年住宅 圆弧窗 观景好,1460万,59401元/平米
58.1平米,满五年不唯一 高楼层  视野好采光足,753万,70480元/平米
58.1平米,泽丰苑一期南北三居 诚心出售 看房随时,899万,72806元/平米
58.1平米,5层，南北向，适合贷款，诚意出售,660万,147223元/平米
58.1平米,8层的板楼电梯房 满五年唯一 视野开阔，中间楼层,535万,58298元/平米
58.1平米,万泉庄1号院三居室 客厅带阳台  随时看房,688万,98090元/平米
58.1平米,南北通透两居室 高楼层采光视野俱佳 诚意出售,415万,71800元/平米
58.1平米,雅世合金公寓2011年纯商品房 双卧朝南 餐客分离,828万,89311元/平米
58.1平米,西钓鱼台嘉园 视野好 可观西山,2180万,101870元/平米
58.1平米,西三环昆玉河别墅小区顶层复式临河观西山面积有惊喜,1850万,88943元/平米
58.1平米,西山华府 平层4居室 东南西北采光 装修好 随时看,2399万,89609元/平米
43.95平米,东城房本 带电梯中高层两居 林业局管理好,643万,105152元/平米
43.95平米,地安门  帽儿胡同 央产房管理 房本满5年 朝南向两居室,648万,145749元/平米
43.95平米,此房满五年北京就一套住房，东西向通透，采光棒,407万,75024元/平米
43.95平米,安交满五商品房，电梯直达，精装修，带地下车位,903万,128633元/平米
43.95平米,广渠家园东南角，通透敞亮南向三居,738万,93324元/平米
83.85平米,中海城南北两居 满五唯一  诚心出售,725万,74750元/平米
83.85平米,北工大 松榆东里一居室中间楼层,290万,61624元/平米
83.85平米,润枫水尚西区 精装南北两居 满五年唯一看房方便,780万,74138元/平米
83.85平米,保利主打三居 中高层 视野好 采光好,1545万,115127元/平米
83.85平米,广渠门外大街满五年唯一带电梯精装修两居室,388万,63964元/平米
83.85平米,安慧北里逸园南北通透三居室户型方正采光良好,695万,85068元/平米
188.64平米,富力城D区 高层 南北三居 通透性好 明卫,1600万,101433元/平米
188.64平米,欧陆经典 东南三居室，层高3米，满五唯一，诚意出售,855万,80729元/平米
188.64平米,【优选好房】商品房 商品房 商品房 小区中间不临街,408万,46009元/平米
188.64平米,近奥森公园 满五唯一 不临街 居住安静 四居室,1550万,84960元/平米
188.64平米,满五年 公 房、产权清晰、正规两室一厅、安静不临街,308万,52813元/平米
188.64平米,泛海国际碧海园+270度观景+南向可观国贸,1700万,94920元/平米
53.9平米,核工业部小区 月坛公园旁 90年电梯直达 满五年住房,760万,127732元/平米
53.9平米,2003年小区，高楼层，视野好，无遮挡,696万,83866元/平米
53.9平米,满五年且业主家庭名下唯一住房，南北通透业主诚心出售,545万,133644元/平米
53.9平米,三里河三区，双南向两居室，室内光线明亮，阳光充足,778万,115602元/平米
53.9平米,考拉社区  2008年商品房 全南两居室,799万,95176元/平米
53.9平米,长椿街 感化胡同3号院 南北通透两居室 低层无遮挡,710万,113365元/平米
56.33平米,新景家园满五唯一全南精装一居户型方正采光充足无遮挡,610万,100379元/平米
56.33平米,地坛北里 中间楼层 两居室 带客厅,551万,98587元/平米
56.33平米,金世纪嘉园  中高层数 视野好,598万,76716元/平米
56.33平米,二环内 满五唯一 高楼层视野好 户型方正双阳台,635万,90676元/平米
56.33平米,东城区 2009年商品房小区 开发商的精装修 正规两居室,498万,62650元/平米
56.33平米,西营房  带电梯 高楼层 西南两居室 看房方便,886万,98807元/平米
58.1平米,四区2016年交房  双明卫三居室 人车分流通透户型,998万,75395元/平米
58.1平米,柳林馆科技部的物业管理 不临街3居室 产权清晰,695万,115258元/平米
58.1平米,商品房望山园，大厅双卧朝南三居，满五年唯一！空置,1250万,89006元/平米
58.1平米,满五年央产房 朝南三居 视野好 户型棒,1210万,117022元/平米
58.1平米,五道口、大学内、中间层两居、无遮挡、诚意出售！,555万,90820元/平米
58.1平米,林语公馆南北通透大三居，满五唯一，业主诚意出售，,695万,47279元/平米
58.1平米,五道口成府公馆 板楼有电梯 南北通透,1130万,107979元/平米
58.1平米,公主坟，翠微路20号 南北两居室，中间楼层,510万,87780元/平米
58.1平米,海淀产权，南向两居室，精装修，视野采光好,416万,57285元/平米
58.1平米,南向一居室，满五唯一 ，采光好，无遮挡，中间层,348万,73854元/平米
58.1平米,景王坟 钓鱼台国宾馆管理 优质房源,399万,115152元/平米
58.1平米,上地南北两居室，距离城铁858米,816万,137606元/平米
43.95平米,商品房品质，回迁房房价，一梯三户，次顶层，全明格局,525万,92300元/平米
43.95平米,朝阳门内 西水井胡同两居室 满五唯一,660万,88059元/平米
43.95平米,带车位 新景家园南北两居 诚意出售 看房随时,740万,97600元/平米
43.95平米,安交 花园胡同 通透两居 中间层 满五年家庭唯一住房,630万,112581元/平米
43.95平米,全凸2居，随时看，明厨明卫，对小区花园，有车位,1000万,102977元/平米
43.95平米,金桥国际高层朝南正规一居室观景房,528万,79399元/平米
83.85平米,东西通透，视野开阔，楼层佳，无遮挡，交通便利,396万,55416元/平米
83.85平米,光辉里小区精装东南一居室采光好,349万,76924元/平米
83.85平米,直说吧！澳洲康都低板里的观景两居室！这就是您想要的,675万,87720元/平米
83.85平米,东四环朝阳公园南北通透三居室 双卧朝南 采光好视野好,980万,72609元/平米
83.85平米,世茂奥临花园  南北三居室  直观奥森,1385万,79786元/平米
188.64平米,満五年唯一，近地铁，小区管理好，中间楼层没有遮挡,650万,86621元/平米
188.64平米,富力阳光美园 东南正规中间层3居 正对体育公园 有钥匙,499万,56423元/平米
188.64平米,后现代城正规南向两居室！楼层高视野好,585万,65879元/平米
188.64平米,望京新城 高层大两居 西南向 满五年唯一 无遮挡,630万,59139元/平米
188.64平米,保利中央公园 新上三居 3+1 位置安静不临街,1600万,119226元/平米
188.64平米,望京西园二区3居室  松下彩管宿舍楼  独立管理,675万,64557元/平米
53.9平米,西城 荣丰2008  满五年住房  正南向楼层高视野好,436万,133293元/平米
53.9平米,灵境胡同东斜街南北通透三居室无遮挡,975万,124681元/平米
53.9平米,南露园 国开行 正规一室 看房方便,595万,88279元/平米
53.9平米,二环内陶然亭；陶然亭公园友谊医院；3层精装南向一居,410万,109451元/平米
53.9平米,满五年 楼层高采光好，交通便利。,430万,80209元/平米
58.1平米,新硅谷2号院  中间层采光无遮挡,649万,74231元/平米
58.1平米,西直门明光村双南两居+双阳台+不临街+高楼层+无遮挡,599万,85207元/平米
43.95平米,此房为商品房满五唯一，可贷可全款,680万,100577元/平米
43.95平米,满五唯一，有电梯，层高2.9米，南北通透采光好。,635万,112829元/平米
43.95平米,和平里七区 南北通透3居室 满五年央产房,715万,102642元/平米
43.95平米,东城 永定门 中间层 满五年房改房 1992年,403万,65636元/平米
43.95平米,东城区  小两居室  诚心出售,375万,61315元/平米
43.95平米,东后河沿南北通透两居室，中间楼层，客厅主卧室朝南,710万,98311元/平米
83.85平米,汇鸿家园 东南两居室 中高楼层 装修很好 配套齐全,370万,52201元/平米
34.53平米,西城荣丰复式 地铁7号线达官营站 楼层高 视野好,436万,126268元/平米
188.64平米,上林世家 人车分流 南北向 有产权车位,2080万,99632元/平米
188.64平米,此房满5年唯一，小区中间楼栋，不临街，视野无遮挡,885万,59685元/平米
188.64平米,满五唯一  高楼层无遮挡   精装修  拎包入住,899万,73013元/平米
188.64平米,光熙门北里三元桥大客厅20米高楼层采光好,555万,85464元/平米
53.9平米,西城 广安门 马连道 精装一室一厅 满五年唯一,499万,77630元/平米
34.53平米,新文化街必看好房，满五唯一央产,1130万,147520元/平米
34.53平米,较为宿舍 没有遮挡 满五年唯一 随时看房,628万,88952元/平米
34.53平米,长椿街西里 诚心出售 采光充足 随时签约,459万,109208元/平米
34.53平米,高楼层，户型方正，采光视野好，挑高3.15米,785万,76788元/平米
34.53平米,西城晶华 业主免费会所 游泳池 地下车库,1018万,138939元/平米
34.53平米,西城区 广安门 三期复式 精装修 业主诚意出售,489万,140679元/平米
34.53平米,西城区 二环内 建功南里 封闭式小区 楼龄新,455万,94713元/平米
34.53平米,南北通透 中间楼层 全明格局 没有遮挡,490万,84121元/平米
34.53平米,新上北向复式，诚心出售，楼层高，视野好。,400万,142096元/平米
34.53平米,红莲北里，南北通透，楼层2层，地铁7号线，看房方便,510万,88758元/平米
34.53平米,六铺炕一区  业主诚心出售 随时签约 有钥匙看房方便,900万,143085元/平米
34.53平米,西城  新风北里 南向两居 天然氧吧 近公园,788万,156350元/平米
34.53平米,什刹海 松树街39号院 东南朝向两居 视野好,660万,129412元/平米
34.53平米,南北通透两居室，中间楼层。精装修，采光好。,860万,149566元/平米
34.53平米,空户口，有钥匙，楼龄新，带电梯，下楼50米公园,799万,106053元/平米
34.53平米,西城  椿树馆  低单价  南北通透大两居,540万,73380元/平米
34.53平米,西单和平门小区 南北通透两居室，低楼层，无遮挡，,799万,116219元/平米
34.53平米,西城区马连道北欧印象一居室，精装修。,415万,86821元/平米
34.53平米,西城区 红莲南里 全南向 两居室 采光好 带电梯,510万,87871元/平米
34.53平米,月坛西街东里21号院 南向两居室,620万,123016元/平米
34.53平米,平原里小区 2室1厅 南 北,599万,95948元/平米
34.53平米,大观园公园隔壁 全南向满五唯一1居室,490万,109915元/平米
34.53平米,1990年钢混结构  正规朝南的一居室   视野采光好,585万,134483元/平米
34.53平米,西城区 二环里 满五年不唯一成本价 电梯直达,498万,82876元/平米
34.53平米,西城区广安门13年玺源台小区朝东一居室，朝向院里,658万,103934元/平米
34.53平米,西二环西城区带电梯2004年房环境好看房方便,516万,64760元/平米
34.53平米,西二环 低价 靠谱签约 看房基本随时,410万,36468元/平米
34.53平米,西二环 广安门 天宁寺东里 南向一居室,399万,88786元/平米
34.53平米,西城区西二环正规南北通透大两居看房方便,649万,79838元/平米
134.42平米,此房满五唯一，中间层，楼间距大，视野开阔，采光好,1420万,105640元/平米
134.42平米,海淀南路 南北向带电梯板楼三室一厅,789万,101938元/平米
134.42平米,人济山庄 东南向 三居室 采光好,1300万,81818元/平米
134.42平米,西直门 交大西门 2004年 商品房社区,1260万,85972元/平米
134.42平米,橡胶院小区 东西两居 满五唯一 低层 停车方便,385万,64167元/平米
134.42平米,南北通透，小区楼龄新，配套齐全，交通便利,917万,72900元/平米
134.42平米,建设部大院 满五年唯一 小区中间 看房方便,1120万,100144元/平米
68.81平米,城市花园 融城  满五年唯一精装修 人车分流,700万,101730元/平米
134.42平米,玫瑰御园南北精装三居 小区小而精致,1665万,105554元/平米
134.42平米,精装修三居室，南北通透，高楼层，采光好。,1050万,78254元/平米
134.42平米,通用家属楼，南北向明厅，板楼，小南庄满五年,945万,104420元/平米
134.42平米,紫竹院公园 正规三室一厅 楼龄新 安静宜居,829万,89438元/平米
134.42平米,今日家园 满五年  东南朝向  格局好  看房随时,858万,72985元/平米
68.81平米,广安门电梯一居室  精装修  位置好  随时看房,515万,101100元/平米
68.81平米,双南向两居，采光好，适合居住，看房方便,738万,117892元/平米
68.81平米,此房地理位置优越，交通很便利。,798万,100088元/平米
68.81平米,西城区二环内 白纸坊桥东北角 东西两居室 采光通风好,575万,81549元/平米
68.81平米,马连道 南北板楼三居室 满五年唯一,558万,78993元/平米
134.42平米,太月园中间楼层，双卧朝南两居。,870万,92989元/平米
134.42平米,中关村 北大南门 南北通透 二层,498万,87063元/平米
134.42平米,强佑·府学上院 3室2厅 南 北,939万,67336元/平米
134.42平米,农科院社区高层带电梯三居室出售,1170万,107676元/平米
134.42平米,八里庄北里优质电梯三居室等你来看,745万,76805元/平米
134.42平米,百万庄 增光路  甘家口 五矿集团家属楼 封闭管理,1030万,105815元/平米
55.2平米,单独管理，南北向2居室，业主诚心出售,495万,89674元/平米
68.81平米,西城区 西二环 广安门 二期东南向复式,438万,126847元/平米
68.81平米,金融街新文化街小区西北向中间楼层,1150万,155196元/平米
68.81平米,展览馆路 八零筑二 南北通透 中间层,625万,108132元/平米
68.81平米,业主诚心卖 能签约 教场口6号院 2003年 满五年唯一,765万,147229元/平米
68.81平米,满五唯一    90年    西南三居室,1260万,136512元/平米
134.42平米,满五唯一 高楼层 采光好 诚心出售,615万,89651元/平米
134.42平米,小区中间位置 不临街 中高楼层 全明格局 南北通透,999万,73166元/平米
134.42平米,永泰园  2003年商品房  电梯  高层   视野开阔采光好,529万,67509元/平米
134.42平米,绿谷雅园两居室 满五年唯一商品房 装修保持好,545万,51021元/平米
134.42平米,建清园正规三居室南北通透客厅朝东三面采光诚意出售,745万,82540元/平米
134.42平米,稻香园西里带电梯高板楼全明格局,820万,102245元/平米
55.2平米,二环里 东四十条桥西北角 南北向两居 诚意出售,496万,96517元/平米
55.2平米,楼龄新，电梯直达，楼龄新，客厅半落地窗,970万,105218元/平米
55.2平米,东城 东直门地铁 两居室 交通便利,540万,79553元/平米
55.2平米,化工家属院 管理好 小区绿化好  5号线和平里零距衔接,589万,117355元/平米
55.2平米,中间层总价便宜一居室 有燃气 成本少 随时签约,430万,104369元/平米
55.2平米,夕照寺西里正南正北两居室，看房方便，业主诚心出售,480万,101138元/平米
63.06平米,劲松南路满五，户型方正，电梯直达，到地铁近,370万,58675元/平米
68.81平米,车公庄 进步巷 通透三居室 满五年唯一,620万,103334元/平米
68.81平米,广安门外南街 南向两居室 没有遮挡,580万,73437元/平米
68.81平米,满五年唯一 南北通透 安静不临街 采光好,590万,106691元/平米
68.81平米,六铺炕一区两居室满五唯一单位分房  方便看房 诚售,899万,131241元/平米
68.81平米,金融街 中行家属楼 满五央产 高层采光棒视野好,1060万,119775元/平米
134.42平米,金尚嘉园1号楼南北三居室 满5年精装修 看房方便,1850万,112115元/平米
134.42平米,罗庄西里  南北通透两居室  诚意出售,550万,92593元/平米
134.42平米,阜北小区  三居室 业主城售 看房方便,565万,83089元/平米
134.42平米,西四环内正规一居 采光充足无遮挡,440万,68923元/平米
134.42平米,清河宝盛北里 钥匙房随时看 前后带阳台 满五年诚售,405万,64419元/平米
134.42平米,复兴路30号院，五棵松南向两居,492万,86331元/平米
55.2平米,新景家园东区 商品房 楼龄新 管理严格,415万,133013元/平米
55.2平米,东二环内广渠门内 南向一居室 满五年唯一  临近地铁,432万,97342元/平米
55.2平米,和平里六区 中石化管理 电梯房 南北通透 全明格局,850万,112897元/平米
55.2平米,东城广渠门 东环居苑 精装修南向一居室,528万,92648元/平米
55.2平米,大草厂 铁道部央产 全明格局 无遮挡 楼下就是公园,530万,107266元/平米
55.2平米,满五年 南北通透两居 中间楼层,603万,104092元/平米
63.06平米,兴隆家园 双阳台  精装修 西向两居 采光好,448万,57290元/平米
63.06平米,南二环边，高楼层，视野无遮挡。,280万,60358元/平米
63.06平米,北苑高层东南两居 商品房满五唯一 带租赁车位,479万,49556元/平米
63.06平米,满五年唯一 房子在小区中间位置 东向没有遮挡 采光好,288万,49130元/平米
63.06平米,茉藜园东南2居室  满五年唯一  集中供暖地暖,498万,50212元/平米
63.06平米,康静里小区、满五年唯一的商品房、可直接拎包入住,285万,49480元/平米
68.81平米,房子满五年唯一    大品牌精装修  未居住,1268万,102143元/平米
68.81平米,2000年带电梯 两套房子一个房本 适合三代人居住,1375万,116625元/平米
68.81平米,月坛 三里河 南北三居室 中间层,850万,117566元/平米
68.81平米,南礼士路公园北边，东边金融街，交通便利，格局方正,868万,103088元/平米
68.81平米,德胜门  塔院胡同 南北小三居 中楼层,769万,134441元/平米
68.81平米,远见名苑 西南三居室 正对小区花园 满五年唯一,968万,103807元/平米
55.2平米,电梯直达，精装修，诚心出售总价不高。,510万,85715元/平米
55.2平米,广渠门远洋德邑小区西南户型方正三居室,1085万,71556元/平米
55.2平米,东花市北里中区 央产房3居室 南北通透,1020万,101726元/平米
55.2平米,房子满五年，中间楼层，南北通透，明厨明卫。,770万,101597元/平米
55.2平米,东城三居室，正规大客厅，楼层好，精装修。,1266万,86659元/平米
63.06平米,双桥六号井精装修南北两居室--满五唯一--业主诚心出售,235万,39397元/平米
63.06平米,非常生活 精装两居室，南向采光好大阳台居住舒适,630万,76364元/平米
63.06平米,东西通透户型 ，明厨明卫，中间楼层，配套齐全，,375万,57916元/平米
63.06平米,甘露园南里2区 中间楼层两居 明厨明卫,360万,58834元/平米
63.06平米,甜水园北里南北两居，近朝阳公园南门，地铁六号线,370万,57840元/平米
68.81平米,冠英园小区 新街口 积水潭  电梯直达 中行家属院,1240万,113866元/平米
68.81平米,满五年唯一 六铺炕二区 东北2居 带电梯 有无障碍通道,860万,130501元/平米
68.81平米,全明格局 南北通透三居室 适合居家,810万,104517元/平米
68.81平米,满五年商品房 业主在京随时签约,1068万,125914元/平米
68.81平米,南礼士路甲62号院！中间楼层四层。不临街，无遮挡。,720万,117456元/平米
68.81平米,马甸精装修三居室 带电梯次顶层 采光视野好不临街,1008万,126316元/平米
55.2平米,新裕家园 南北通透3居室  无遮挡 楼层高 户型方正,1360万,104914元/平米
55.2平米,绿景馨园 南北通透，使用面积大，不临街，满五唯一,535万,98983元/平米
55.2平米,大方家胡同 此房满五年，带电梯 格局方正南北通风好,733万,95918元/平米
55.2平米,满五年商品房 落地窗阳台 诚心出售随时签约,560万,101084元/平米
55.2平米,民旺园南向一居室 明厨明卫 诚意出售,480万,144797元/平米
55.2平米,辛寺胡同，满两年，有土地证，产权干净，有钥匙,263万,157486元/平米
63.06平米,金蝉北里满五唯一商品房，精装修哦,320万,50323元/平米
63.06平米,正南正北 安慧里一区 电梯板楼,465万,73810元/平米
63.06平米,朝丰家园 满五唯一 全南向两居 采光好 无遮挡,329万,41981元/平米
63.06平米,传媒大学东门 精装修 中间层 小三居 满五年,288万,48657元/平米
63.06平米,满五年唯一商品房，中间楼层无遮挡,382万,62943元/平米
68.81平米,满五年唯一 安德路 西南2居 业主诚心卖 随时签约,759万,138000元/平米
68.81平米,市委 党校院内，三室一厅，电梯直达,1040万,132993元/平米
55.2平米,鼓楼外大街52号 带电梯 正规朝东一居室,518万,116720元/平米
55.2平米,东城二环边上，2009年新小区，标准1居，近公园近地铁,388万,76124元/平米
55.2平米,西香河园 南北通透两室 中间楼层,500万,95475元/平米
55.2平米,满五年唯一 精装修 带电梯 采光好 带车位,675万,104994元/平米
55.2平米,南北通透 一层两户 前后不临街 格局方正,845万,88343元/平米
55.2平米,东城区04年楼龄，东南朝向安静宜居，户型方正有车位,580万,76771元/平米
63.06平米,安慧里一区 满五唯一 把边儿户型，采光充足，视野好,410万,74832元/平米
63.06平米,远洋一方林语苑 西北向 中间楼层 一居室 户型方正,348万,52206元/平米
63.06平米,望春园 高楼层 采光好 无遮挡 诚心出售,409万,62225元/平米
63.06平米,满五年唯一，南北通透全明，98年板楼二层，近地铁,575万,59896元/平米
63.06平米,东南一居，满五唯一，无遮挡，餐客分离，正对小区花园,370万,61688元/平米
63.06平米,05年东南向精装修两居室安静花园旁3梯10户诚心出售,690万,79973元/平米
63.06平米,满五唯一 南北通透板楼  采光无挡  视野好  随时签约,385万,53310元/平米
63.06平米,远洋万和城B区，全南两居，精装修，看房、签约随时,860万,98817元/平米
63.06平米,板楼高楼层采光好+南北大客厅+楼龄新,385万,53915元/平米
63.06平米,首开熙悦尚郡 南北通透三居 中间楼层,915万,72932元/平米
63.06平米,逸翠园小三居 满五唯一 明厨明卫 高层采光,970万,75918元/平米
63.06平米,翠城馨园西南两居首付130万诚意出售河景房,309万,43430元/平米
63.06平米,首城国际D区  明厨明卫的高层两居室 可观西山,808万,90179元/平米
